idx,word,occurrences
0,not,372
1,st,368
2,Im,339
3,see,316
4,The,313
5,time,310
6,amp,308
7,like,300
8,going,280
9,day,273
10,Friday,246
11,Sunday,244
12,get,229
13,rd,221
14,one,221
15,Day,215
16,new,214
17,nd,210
18,want,186
19,Jurassic,182
20,night,177
21,go,171
22,know,169
23,make,167
24,Obama,160
25,Trump,157
26,think,155
27,dont,155
28,Saturday,149
29,Monday,146
30,watch,140
31,If,139
32,got,137
33,back,136
34,na,135
35,still,131
36,today,129
37,would,125
38,Valentines,124
39,good,121
40,World,119
41,last,115
42,May,115
43,Tuesday,113
44,Windows,111
45,Jeb,111
46,Biden,110
47,Thursday,109
48,You,107
49,first,107
50,Labor,106
51,Wednesday,106
52,Joe,106
53,best,105
54,iPhone,105
55,Lexus,104
56,Star,103
57,Bush,103
58,show,102
59,We,100
60,cant,100
61,Its,98
62,Minecraft,98
63,Tsipras,98
64,September,97
65,A,97
66,sun,97
67,us,96
68,right,96
69,Wars,96
70,Woods,96
71,Tom,96
72,Tiger,96
73,need,95
74,next,95
75,SCOTUS,95
76,Tory,95
77,Juventus,94
78,TGIF,94
79,Ill,93
80,Palin,93
81,Planned,93
82,Rick,93
83,said,91
84,Nintendo,91
85,This,91
86,much,91
87,Kerry,91
88,Sarah,91
89,pm,90
90,Pride,90
91,game,89
92,say,89
93,watching,89
94,Kurt,89
95,Serena,89
96,come,88
97,Nike,88
98,Ted,88
99,Mike,88
100,XXL,88
101,Sony,88
102,US,87
103,iPad,87
104,Parenthood,87
105,UKIP,87
106,Apple,86
107,Ric,86
108,Snoop,86
109,So,85
110,Magic,85
111,Zlatan,85
112,Michelle,85
113,Monsanto,85
114,Oracle,85
115,Perry,85
116,It,84
117,really,83
118,Park,83
119,Dogg,83
120,love,82
121,Venice,82
122,Seinfeld,82
123,well,81
124,tonight,81
125,Mariah,81
126,Sting,81
127,Tomorrow,80
128,ever,80
129,Netflix,80
130,My,78
131,gon,78
132,Michael,78
133,Messi,78
134,better,77
135,Nokia,77
136,Pope,77
137,Cruise,77
138,play,76
139,Just,76
140,Cobain,76
141,coming,75
142,And,75
143,work,74
144,people,74
145,TMobile,74
146,Jackson,74
147,Xbox,74
148,great,73
149,phone,72
150,way,72
151,But,71
152,win,71
153,says,71
154,weekend,71
155,Madonna,71
156,Carey,71
157,Parade,71
158,party,70
159,since,70
160,could,70
161,take,70
162,Taylor,70
163,August,69
164,iOS,68
165,live,68
166,sat,68
167,never,68
168,MetLife,68
169,via,67
170,Beach,67
171,Flair,67
172,wait,66
173,morning,66
174,No,66
175,Justin,66
176,year,65
177,made,65
178,JayZ,65
179,What,63
180,hope,63
181,even,63
182,thing,61
183,didnt,61
184,iPod,60
185,hes,60
186,movie,60
187,u,59
188,set,59
189,world,59
190,season,59
191,On,58
192,Happy,58
193,He,58
194,In,57
195,old,56
196,run,55
197,week,55
198,look,55
199,New,54
200,One,54
201,lol,54
202,saw,54
203,Venus,54
204,doesnt,53
205,Swift,51
206,big,51
207,getting,51
208,album,51
209,school,50
210,also,50
211,grade,50
212,sure,49
213,video,49
214,President,49
215,Is,48
216,end,48
217,something,48
218,place,48
219,youre,47
220,Sun,47
221,Donald,47
222,Teen,47
223,start,46
224,news,46
225,playing,46
226,man,46
227,wont,45
228,comes,45
229,vs,45
230,already,43
231,Ive,43
232,give,43
233,When,43
234,long,43
235,wan,43
236,free,43
237,two,42
238,thats,42
239,birthday,42
240,wolf,42
241,Valentine,42
242,Not,41
243,Why,41
244,Wolf,41
245,release,40
246,excited,40
247,life,40
248,top,40
249,They,40
250,try,39
251,looks,39
252,That,39
253,mean,39
254,fun,39
255,w,39
256,went,39
257,every,39
258,For,38
259,event,38
260,though,38
261,Cant,38
262,TV,38
263,deal,38
264,shit,38
265,everyone,38
266,support,38
267,till,37
268,December,37
269,another,37
270,Edge,37
271,feel,37
272,Iran,37
273,days,37
274,teen,37
275,many,36
276,Have,36
277,Night,36
278,actually,36
279,November,36
280,home,36
281,class,36
282,seen,36
283,ready,35
284,little,35
285,might,35
286,Sept,35
287,anyone,35
288,im,35
289,part,35
290,campaign,35
291,Obamas,35
292,games,34
293,looking,34
294,things,34
295,thought,34
296,gets,34
297,match,34
298,years,33
299,October,33
300,came,33
301,Dont,33
302,makes,33
303,tickets,33
304,See,32
305,use,32
306,lot,32
307,Get,32
308,around,32
309,happy,32
310,Love,32
311,Who,32
312,needs,32
313,talk,32
314,John,32
315,Well,31
316,let,31
317,believe,31
318,lost,31
319,put,31
320,left,31
321,Did,31
322,trying,31
323,find,31
324,money,31
325,How,31
326,Thank,31
327,music,31
328,concert,31
329,nothing,31
330,July,31
331,vote,31
332,RAW,31
333,help,30
334,making,30
335,Come,30
336,Will,30
337,All,30
338,bring,30
339,Do,30
340,Aug,30
341,marriage,30
342,News,29
343,always,29
344,Thanks,29
345,wants,29
346,beach,29
347,miss,29
348,Good,29
349,swift,29
350,Raw,29
351,parade,28
352,UK,28
353,heard,28
354,announced,28
355,tell,28
356,released,28
357,away,28
358,Force,28
359,yet,28
360,without,28
361,Going,28
362,Can,28
363,early,28
364,Cmon,28
365,Vice,28
366,film,28
367,team,28
368,Open,28
369,Cena,28
370,app,27
371,Android,27
372,Today,27
373,please,27
374,update,27
375,fans,27
376,read,27
377,using,27
378,forward,27
379,First,27
380,used,27
381,D,27
382,someone,27
383,ipod,27
384,bc,27
385,Now,27
386,January,27
387,guys,27
388,wins,27
389,America,27
390,IOS,26
391,As,26
392,soon,26
393,Hey,26
394,true,26
395,God,26
396,call,26
397,hours,26
398,probably,26
399,least,26
400,march,26
401,Williams,26
402,friends,26
403,isnt,25
404,beat,25
405,working,25
406,keep,25
407,times,25
408,running,25
409,whole,25
410,American,25
411,GOP,25
412,Amendment,25
413,title,25
414,ask,24
415,Great,24
416,wish,24
417,join,24
418,U,24
419,able,24
420,fact,24
421,saying,24
422,February,24
423,song,24
424,started,24
425,March,24
426,person,24
427,name,24
428,record,24
429,episode,24
430,due,24
431,bad,24
432,check,23
433,finally,23
434,done,23
435,Are,23
436,Check,23
437,buy,23
438,stream,23
439,Id,23
440,upgrade,23
441,Microsoft,23
442,havent,23
443,PM,23
444,speak,23
445,called,23
446,found,23
447,She,23
448,law,23
449,Reuters,23
450,race,23
451,meet,23
452,Oh,23
453,Roma,23
454,chance,22
455,open,22
456,Best,22
457,far,22
458,whats,22
459,Like,22
460,drop,22
461,break,22
462,videos,22
463,media,22
464,else,22
465,friday,22
466,feeling,22
467,family,22
468,bit,22
469,USA,22
470,park,22
471,monday,22
472,xbox,22
473,Labour,22
474,close,21
475,available,21
476,pretty,21
477,seeing,21
478,guy,21
479,Heres,21
480,cause,21
481,final,21
482,took,21
483,talking,21
484,friend,21
485,bed,21
486,gave,21
487,THE,21
488,theres,21
489,York,21
490,fuck,21
491,shows,21
492,remember,21
493,second,21
494,shes,21
495,Sep,21
496,almost,21
497,told,21
498,Sat,20
499,real,20
500,Watch,20
501,month,20
502,City,20
503,means,20
504,starts,20
505,awesome,20
506,Still,20
507,With,20
508,starting,20
509,bought,20
510,decision,20
511,plan,20
512,rest,20
513,instead,20
514,wanted,20
515,House,20
516,Party,20
517,history,20
518,stay,20
519,sunday,20
520,months,20
521,watched,20
522,maybe,20
523,winning,20
524,must,20
525,sad,20
526,April,20
527,line,20
528,Flairs,20
529,WWE,20
530,To,19
531,wrong,19
532,launch,19
533,date,19
534,ok,19
535,move,19
536,ta,19
537,S,19
538,worst,19
539,later,19
540,Sorry,19
541,case,19
542,sign,19
543,Video,19
544,fucking,19
545,mom,19
546,White,19
547,bitch,19
548,half,19
549,presidential,19
550,hit,19
551,amendment,19
552,president,19
553,special,19
554,movies,19
555,stuff,19
556,played,19
557,anniversary,19
558,cruise,19
559,PS,19
560,Greece,19
561,stop,18
562,late,18
563,thank,18
564,announcement,18
565,Also,18
566,announce,18
567,enough,18
568,cool,18
569,yesterday,18
570,fan,18
571,hour,18
572,listen,18
573,holiday,18
574,oh,18
575,hear,18
576,point,18
577,hell,18
578,Time,18
579,There,18
580,United,18
581,single,18
582,giving,18
583,leader,18
584,n,18
585,hate,18
586,face,18
587,June,18
588,Francis,18
589,favorite,17
590,taking,17
591,Join,17
592,expected,17
593,yall,17
594,wasnt,17
595,pay,17
596,listening,17
597,sleep,17
598,Only,17
599,amazing,17
600,round,17
601,black,17
602,order,17
603,Cruz,17
604,Hope,17
605,loved,17
606,Were,17
607,waiting,17
608,post,17
609,Man,17
610,After,17
611,everything,17
612,past,17
613,store,17
614,voted,17
615,info,16
616,photo,16
617,guess,16
618,wear,16
619,Be,16
620,Back,16
621,answer,16
622,funny,16
623,official,16
624,anymore,16
625,share,16
626,dead,16
627,strong,16
628,Top,16
629,generation,16
630,goal,16
631,tho,16
632,Maybe,16
633,AND,16
634,nice,16
635,forgot,16
636,cmon,16
637,Make,16
638,showing,16
639,questions,16
640,seems,16
641,Greek,16
642,Lets,16
643,thinking,16
644,afternoon,16
645,shirt,16
646,summer,16
647,moment,16
648,behind,16
649,sister,16
650,v,16
651,PSG,16
652,Madonnas,16
653,Lady,16
654,high,16
655,mine,16
656,player,16
657,Rollins,16
658,device,15
659,Whats,15
660,gen,15
661,Hi,15
662,future,15
663,issues,15
664,along,15
665,tomorrows,15
666,ahead,15
667,follow,15
668,sounds,15
669,goes,15
670,Sundays,15
671,Mondays,15
672,sitting,15
673,forget,15
674,At,15
675,kids,15
676,kind,15
677,wonder,15
678,greatest,15
679,head,15
680,turn,15
681,NOT,15
682,return,15
683,office,15
684,job,15
685,shot,15
686,boy,15
687,dance,15
688,group,15
689,hard,15
690,Hes,15
691,government,15
692,rally,15
693,force,15
694,happen,15
695,theyre,15
696,Triple,15
697,series,15
698,Our,15
699,TOMORROW,15
700,interview,15
701,talks,15
702,death,15
703,Me,15
704,lets,15
705,Ronaldo,15
706,taylor,15
707,Go,14
708,Free,14
709,yes,14
710,asked,14
711,version,14
712,Some,14
713,ride,14
714,room,14
715,Please,14
716,following,14
717,mad,14
718,weeks,14
719,PC,14
720,biggest,14
721,yeah,14
722,haha,14
723,fight,14
724,By,14
725,together,14
726,Thats,14
727,Was,14
728,finish,14
729,Paul,14
730,fire,14
731,row,14
732,country,14
733,Gov,14
734,company,14
735,term,14
736,plans,14
737,club,14
738,agree,14
739,nights,14
740,H,14
741,college,14
742,red,14
743,football,14
744,decided,14
745,Chris,14
746,gone,14
747,sale,14
748,Feb,14
749,hoverboard,14
750,issue,14
751,either,14
752,metlife,14
753,Against,14
754,missed,14
755,Stings,14
756,Wyndham,14
757,interesting,13
758,Even,13
759,pick,13
760,add,13
761,book,13
762,change,13
763,Pro,13
764,market,13
765,thanks,13
766,different,13
767,extra,13
768,course,13
769,lose,13
770,Z,13
771,service,13
772,experience,13
773,Lol,13
774,songs,13
775,classic,13
776,tweet,13
777,thinks,13
778,proud,13
779,Beyonce,13
780,wrote,13
781,Dr,13
782,ass,13
783,million,13
784,baby,13
785,End,13
786,State,13
787,state,13
788,English,13
789,Catholic,13
790,idea,13
791,Live,13
792,Wed,13
793,sense,13
794,Yes,13
795,Rock,13
796,justin,13
797,air,13
798,Chelsea,13
799,sold,13
800,Mario,13
801,full,13
802,Then,13
803,Nirvana,13
804,mind,13
805,solo,13
806,tour,13
807,care,13
808,posted,13
809,entire,13
810,online,13
811,story,13
812,Super,13
813,Trumps,13
814,pope,13
815,problem,12
816,build,12
817,near,12
818,users,12
819,pass,12
820,enjoyed,12
821,success,12
822,gt,12
823,IT,12
824,hi,12
825,car,12
826,console,12
827,AppleEvent,12
828,stand,12
829,worth,12
830,contact,12
831,reason,12
832,cry,12
833,Should,12
834,b,12
835,ill,12
836,Cool,12
837,NFL,12
838,itll,12
839,ago,12
840,screen,12
841,streaming,12
842,Anyone,12
843,From,12
844,couldnt,12
845,yo,12
846,spend,12
847,Black,12
848,totally,12
849,Take,12
850,super,12
851,damn,12
852,surprise,12
853,box,12
854,Big,12
855,lady,12
856,continue,12
857,less,12
858,Wow,12
859,Looks,12
860,States,12
861,stupid,12
862,met,12
863,Or,12
864,fall,12
865,economy,12
866,Last,12
867,hot,12
868,Birthday,12
869,wearing,12
870,literally,12
871,girl,12
872,meeting,12
873,Football,12
874,ticket,12
875,yrs,12
876,lead,12
877,Date,12
878,Every,12
879,power,12
880,tie,12
881,Remember,12
882,Mission,12
883,wouldnt,12
884,Texas,12
885,EU,12
886,Out,12
887,votes,12
888,Perrys,12
889,election,12
890,Sonys,12
891,Tories,12
892,bailout,12
893,valentines,12
894,account,11
895,anything,11
896,crazy,11
897,An,11
898,quite,11
899,fine,11
900,Tech,11
901,stopped,11
902,aint,11
903,happening,11
904,problems,11
905,dad,11
906,Plus,11
907,stage,11
908,Looking,11
909,original,11
910,While,11
911,choice,11
912,Next,11
913,dropped,11
914,Christmas,11
915,hand,11
916,card,11
917,taken,11
918,JayZs,11
919,spent,11
920,die,11
921,spot,11
922,matter,11
923,front,11
924,candidate,11
925,third,11
926,Barack,11
927,Show,11
928,tried,11
929,sorry,11
930,Clinton,11
931,emotional,11
932,heart,11
933,R,11
934,opening,11
935,parties,11
936,Watching,11
937,Look,11
938,beautiful,11
939,Your,11
940,Friends,11
941,People,11
942,SO,11
943,Of,11
944,Very,11
945,edge,11
946,league,11
947,players,11
948,lt,11
949,ladies,11
950,brought,11
951,ruled,11
952,apparently,11
953,Barcelona,11
954,happened,11
955,Monsantos,11
956,nokia,11
957,DC,11
958,staff,11
959,Popes,11
960,pride,11
961,Tmobile,11
962,download,10
963,Any,10
964,Got,10
965,knows,10
966,Apples,10
967,Wear,10
968,supposed,10
969,currently,10
970,upload,10
971,releases,10
972,TO,10
973,Club,10
974,tuesday,10
975,question,10
976,Twitter,10
977,upset,10
978,leave,10
979,knew,10
980,ppl,10
981,Fair,10
982,seem,10
983,Here,10
984,expect,10
985,Ready,10
986,wake,10
987,folks,10
988,St,10
989,Let,10
990,lunch,10
991,kid,10
992,Gon,10
993,singing,10
994,died,10
995,house,10
996,Jayz,10
997,paid,10
998,p,10
999,become,10
1000,speech,10
1001,B,10
1002,words,10
1003,Theresa,10
1004,leading,10
1005,James,10
1006,star,10
1007,Hillary,10
1008,low,10
1009,three,10
1010,tough,10
1011,More,10
1012,protest,10
1013,Nice,10
1014,dude,10
1015,bid,10
1016,Stop,10
1017,Democrats,10
1018,whether,10
1019,VP,10
1020,ends,10
1021,Game,10
1022,Morning,10
1023,wife,10
1024,IMAX,10
1025,finished,10
1026,screening,10
1027,food,10
1028,Someone,10
1029,twice,10
1030,cinema,10
1031,brain,10
1032,Justins,10
1033,inside,10
1034,dancing,10
1035,rather,10
1036,hotel,10
1037,Championship,10
1038,Congress,10
1039,body,10
1040,cut,10
1041,note,10
1042,born,10
1043,chill,10
1044,IS,10
1045,Jason,10
1046,celebrate,10
1047,Careys,10
1048,sing,10
1049,scored,10
1050,Metlife,10
1051,edition,10
1052,Syngenta,10
1053,episodes,10
1054,Lumia,10
1055,laws,10
1056,Vancouver,10
1057,Seth,10
1058,USOpen,10
1059,ted,10
1060,latest,9
1061,apps,9
1062,worked,9
1063,sound,9
1064,Does,9
1065,confirmed,9
1066,GO,9
1067,others,9
1068,number,9
1069,GB,9
1070,youll,9
1071,AM,9
1072,Oct,9
1073,tech,9
1074,price,9
1075,computer,9
1076,ipad,9
1077,paying,9
1078,earlier,9
1079,doubt,9
1080,Which,9
1081,Had,9
1082,ur,9
1083,level,9
1084,annual,9
1085,details,9
1086,needed,9
1087,Change,9
1088,buying,9
1089,offer,9
1090,honestly,9
1091,upgrading,9
1092,voice,9
1093,J,9
1094,liked,9
1095,definitely,9
1096,straight,9
1097,minutes,9
1098,sisters,9
1099,son,9
1100,god,9
1101,easy,9
1102,Because,9
1103,arent,9
1104,rights,9
1105,Yeah,9
1106,bro,9
1107,beginning,9
1108,Dec,9
1109,walk,9
1110,x,9
1111,changes,9
1112,Her,9
1113,Fuck,9
1114,city,9
1115,loves,9
1116,Colbert,9
1117,ad,9
1118,voters,9
1119,polls,9
1120,energy,9
1121,led,9
1122,former,9
1123,policy,9
1124,begin,9
1125,YES,9
1126,conservative,9
1127,speaking,9
1128,agreed,9
1129,Thurs,9
1130,control,9
1131,National,9
1132,email,9
1133,piece,9
1134,Fox,9
1135,article,9
1136,decide,9
1137,acting,9
1138,theme,9
1139,alone,9
1140,Okay,9
1141,Italy,9
1142,realize,9
1143,drive,9
1144,theaters,9
1145,dinner,9
1146,hold,9
1147,takes,9
1148,Everyone,9
1149,London,9
1150,Enjoy,9
1151,keeps,9
1152,Serie,9
1153,defeat,9
1154,Europe,9
1155,several,9
1156,Cobains,9
1157,dream,9
1158,popular,9
1159,important,9
1160,form,9
1161,action,9
1162,Daily,9
1163,church,9
1164,interested,9
1165,Argentina,9
1166,MAGIC,9
1167,MIKE,9
1168,floor,9
1169,goals,9
1170,worry,9
1171,killing,9
1172,largest,9
1173,netflix,9
1174,golf,9
1175,China,9
1176,Serenas,9
1177,calling,9
1178,annulment,9
1179,SummerSlam,9
1180,KimDavis,9
1181,Awakens,9
1182,hang,8
1183,Edition,8
1184,ones,8
1185,Whos,8
1186,Might,8
1187,Over,8
1188,twitter,8
1189,short,8
1190,iphone,8
1191,certain,8
1192,FREE,8
1193,Meet,8
1194,fair,8
1195,likely,8
1196,Want,8
1197,Anniversary,8
1198,mobile,8
1199,LIVE,8
1200,OS,8
1201,cover,8
1202,Really,8
1203,woman,8
1204,tells,8
1205,rumors,8
1206,abt,8
1207,coffee,8
1208,alive,8
1209,Weve,8
1210,known,8
1211,held,8
1212,Internet,8
1213,camera,8
1214,C,8
1215,mark,8
1216,George,8
1217,living,8
1218,performance,8
1219,boys,8
1220,pictures,8
1221,onto,8
1222,terrible,8
1223,data,8
1224,kinda,8
1225,Nas,8
1226,Both,8
1227,Dre,8
1228,appreciate,8
1229,husband,8
1230,Kanye,8
1231,worse,8
1232,Dad,8
1233,Brown,8
1234,bday,8
1235,guest,8
1236,asking,8
1237,Bring,8
1238,Bushs,8
1239,poll,8
1240,hole,8
1241,OMG,8
1242,CNN,8
1243,promise,8
1244,points,8
1245,N,8
1246,language,8
1247,facts,8
1248,Scott,8
1249,mention,8
1250,claims,8
1251,elected,8
1252,visit,8
1253,possible,8
1254,Wish,8
1255,public,8
1256,trndnl,8
1257,Washington,8
1258,politics,8
1259,Never,8
1260,evening,8
1261,trip,8
1262,brother,8
1263,theater,8
1264,marathon,8
1265,throw,8
1266,equality,8
1267,safe,8
1268,pics,8
1269,performing,8
1270,luck,8
1271,weird,8
1272,pic,8
1273,signing,8
1274,Pogba,8
1275,Mon,8
1276,impossible,8
1277,Milan,8
1278,statement,8
1279,bottom,8
1280,Arsenal,8
1281,Dublin,8
1282,ideas,8
1283,learn,8
1284,crisis,8
1285,calls,8
1286,asleep,8
1287,score,8
1288,kick,8
1289,enjoy,8
1290,closed,8
1291,Find,8
1292,V,8
1293,longer,8
1294,ultimate,8
1295,given,8
1296,list,8
1297,bless,8
1298,human,8
1299,Messis,8
1300,Jan,8
1301,picture,8
1302,Seriously,8
1303,Destiny,8
1304,evil,8
1305,press,8
1306,phones,8
1307,oracle,8
1308,process,8
1309,govt,8
1310,Constitution,8
1311,Left,8
1312,ruling,8
1313,tmobile,8
1314,tom,8
1315,Corbyn,8
1316,venice,8
1317,Mar,7
1318,Two,7
1319,signed,7
1320,access,7
1321,saturday,7
1322,Games,7
1323,Coming,7
1324,loving,7
1325,Google,7
1326,compatible,7
1327,copy,7
1328,til,7
1329,hopefully,7
1330,sharing,7
1331,P,7
1332,wondering,7
1333,keynote,7
1334,X,7
1335,sick,7
1336,step,7
1337,huge,7
1338,draw,7
1339,plane,7
1340,K,7
1341,unveil,7
1342,thursday,7
1343,Facebook,7
1344,couple,7
1345,results,7
1346,tv,7
1347,bringing,7
1348,Todays,7
1349,social,7
1350,Start,7
1351,yr,7
1352,whos,7
1353,plus,7
1354,drops,7
1355,Youre,7
1356,laptop,7
1357,waste,7
1358,turned,7
1359,Mark,7
1360,IPod,7
1361,pull,7
1362,nano,7
1363,RT,7
1364,window,7
1365,exactly,7
1366,putting,7
1367,absolutely,7
1368,green,7
1369,idk,7
1370,Another,7
1371,Kim,7
1372,white,7
1373,gym,7
1374,IN,7
1375,Would,7
1376,pack,7
1377,Wayne,7
1378,busy,7
1379,Bad,7
1380,became,7
1381,amount,7
1382,happens,7
1383,primary,7
1384,states,7
1385,nomination,7
1386,POTUS,7
1387,Iowa,7
1388,write,7
1389,About,7
1390,Right,7
1391,truth,7
1392,prove,7
1393,ha,7
1394,Late,7
1395,lots,7
1396,act,7
1397,fake,7
1398,usual,7
1399,cost,7
1400,gives,7
1401,turns,7
1402,Bernie,7
1403,everywhere,7
1404,Jimmy,7
1405,debate,7
1406,Times,7
1407,gay,7
1408,runs,7
1409,Says,7
1410,jurassic,7
1411,Guys,7
1412,xx,7
1413,double,7
1414,bill,7
1415,Theyre,7
1416,send,7
1417,films,7
1418,remembered,7
1419,Harry,7
1420,scene,7
1421,opens,7
1422,Green,7
1423,followed,7
1424,LA,7
1425,career,7
1426,Sevilla,7
1427,transfer,7
1428,perfect,7
1429,matches,7
1430,g,7
1431,four,7
1432,women,7
1433,judge,7
1434,accept,7
1435,Deal,7
1436,response,7
1437,Final,7
1438,failed,7
1439,YOU,7
1440,meets,7
1441,Same,7
1442,OF,7
1443,wine,7
1444,midnight,7
1445,coverage,7
1446,CA,7
1447,Annual,7
1448,welcome,7
1449,Hoverboard,7
1450,brand,7
1451,Tour,7
1452,L,7
1453,gtgt,7
1454,Impossible,7
1455,mariah,7
1456,carey,7
1457,sales,7
1458,Weeknd,7
1459,Apparently,7
1460,Too,7
1461,similar,7
1462,cuz,7
1463,key,7
1464,lucky,7
1465,woods,7
1466,michael,7
1467,jackson,7
1468,major,7
1469,obama,7
1470,active,7
1471,joining,7
1472,Episode,7
1473,tournament,7
1474,MON,7
1475,Interesting,7
1476,cancer,7
1477,DS,7
1478,chip,7
1479,equal,7
1480,war,7
1481,voting,7
1482,Title,7
1483,immigrants,7
1484,Gore,7
1485,Xperia,7
1486,TEEN,7
1487,WOLF,7
1488,immigration,7
1489,referendum,7
1490,UKIPs,7
1491,install,7
1492,YouTube,6
1493,r,6
1494,ios,6
1495,chat,6
1496,devices,6
1497,Need,6
1498,eyes,6
1499,FB,6
1500,android,6
1501,Rumor,6
1502,received,6
1503,august,6
1504,site,6
1505,hasnt,6
1506,weve,6
1507,Music,6
1508,solution,6
1509,Try,6
1510,review,6
1511,product,6
1512,dropping,6
1513,photos,6
1514,giant,6
1515,mini,6
1516,Reading,6
1517,pro,6
1518,fix,6
1519,releasing,6
1520,etc,6
1521,including,6
1522,size,6
1523,Instagram,6
1524,sell,6
1525,ran,6
1526,space,6
1527,center,6
1528,five,6
1529,faces,6
1530,lmao,6
1531,split,6
1532,Golf,6
1533,shall,6
1534,reveal,6
1535,Alex,6
1536,documentary,6
1537,despite,6
1538,seriously,6
1539,model,6
1540,handed,6
1541,seats,6
1542,bus,6
1543,Hopefully,6
1544,Verizon,6
1545,charge,6
1546,route,6
1547,movement,6
1548,reach,6
1549,cash,6
1550,fast,6
1551,total,6
1552,Finally,6
1553,shining,6
1554,catch,6
1555,created,6
1556,leaving,6
1557,Life,6
1558,text,6
1559,Unless,6
1560,Tidal,6
1561,lives,6
1562,Dear,6
1563,warning,6
1564,bag,6
1565,per,6
1566,hoping,6
1567,NEW,6
1568,Hard,6
1569,discovered,6
1570,Jay,6
1571,These,6
1572,moved,6
1573,charts,6
1574,wedding,6
1575,Imagine,6
1576,respect,6
1577,involved,6
1578,serious,6
1579,middle,6
1580,range,6
1581,California,6
1582,beats,6
1583,WHY,6
1584,WAS,6
1585,Album,6
1586,reports,6
1587,ten,6
1588,Carson,6
1589,trump,6
1590,joke,6
1591,Republican,6
1592,Chicago,6
1593,appears,6
1594,afraid,6
1595,Turns,6
1596,tax,6
1597,clear,6
1598,Spanish,6
1599,Mexico,6
1600,WASHINGTON,6
1601,hed,6
1602,OK,6
1603,crush,6
1604,Former,6
1605,Florida,6
1606,honest,6
1607,peace,6
1608,senior,6
1609,IranDeal,6
1610,traffic,6
1611,continues,6
1612,downtown,6
1613,town,6
1614,explain,6
1615,Sure,6
1616,Run,6
1617,appeared,6
1618,NEWS,6
1619,hands,6
1620,dreams,6
1621,JURASSIC,6
1622,feature,6
1623,reading,6
1624,wonderful,6
1625,Movie,6
1626,style,6
1627,pls,6
1628,kept,6
1629,changed,6
1630,notice,6
1631,Tickets,6
1632,men,6
1633,Off,6
1634,hurt,6
1635,Week,6
1636,NYC,6
1637,debut,6
1638,okay,6
1639,artist,6
1640,Ellen,6
1641,idc,6
1642,Rally,6
1643,perform,6
1644,Stay,6
1645,League,6
1646,Bayern,6
1647,loan,6
1648,UCL,6
1649,striker,6
1650,followers,6
1651,attack,6
1652,sent,6
1653,headline,6
1654,squad,6
1655,British,6
1656,Kerrys,6
1657,Israel,6
1658,dumb,6
1659,tcot,6
1660,nuke,6
1661,refugee,6
1662,Syria,6
1663,Read,6
1664,cute,6
1665,cast,6
1666,road,6
1667,Russia,6
1668,youve,6
1669,supporting,6
1670,page,6
1671,program,6
1672,Americans,6
1673,cobain,6
1674,recent,6
1675,normal,6
1676,Nothing,6
1677,killed,6
1678,moon,6
1679,Photos,6
1680,bear,6
1681,Fri,6
1682,Sale,6
1683,North,6
1684,schedule,6
1685,Jake,6
1686,complete,6
1687,Festival,6
1688,message,6
1689,area,6
1690,reality,6
1691,Fact,6
1692,yea,6
1693,based,6
1694,bet,6
1695,talent,6
1696,Hot,6
1697,appearance,6
1698,ALL,6
1699,Could,6
1700,Wonder,6
1701,LOL,6
1702,fell,6
1703,bout,6
1704,leaves,6
1705,Think,6
1706,Mail,6
1707,attention,6
1708,lights,6
1709,child,6
1710,figure,6
1711,History,6
1712,ps,6
1713,dec,6
1714,attempt,6
1715,shooting,6
1716,Giants,6
1717,business,6
1718,PlayStation,6
1719,eye,6
1720,admit,6
1721,telling,6
1722,young,6
1723,socks,6
1724,Nikes,6
1725,af,6
1726,system,6
1727,Nintendos,6
1728,side,6
1729,Java,6
1730,BringTheCupHome,6
1731,rules,6
1732,interest,6
1733,officially,6
1734,San,6
1735,Theres,6
1736,HHH,6
1737,Taker,6
1738,shell,6
1739,theyll,6
1740,violated,6
1741,regarding,6
1742,Seinfelds,6
1743,tennis,6
1744,Doggs,6
1745,Davis,6
1746,elections,6
1747,Syriza,6
1748,Greeces,6
1749,drivers,6
1750,test,5
1751,BBC,5
1752,Where,5
1753,Saturdays,5
1754,option,5
1755,ended,5
1756,keyboard,5
1757,albums,5
1758,decent,5
1759,IPhone,5
1760,upgraded,5
1761,walking,5
1762,july,5
1763,paper,5
1764,companies,5
1765,wed,5
1766,security,5
1767,Race,5
1768,ON,5
1769,NOW,5
1770,HAVE,5
1771,correct,5
1772,pair,5
1773,Wan,5
1774,PST,5
1775,announces,5
1776,Wouldnt,5
1777,surprised,5
1778,large,5
1779,older,5
1780,broken,5
1781,tweeting,5
1782,apple,5
1783,Gen,5
1784,ive,5
1785,blog,5
1786,updates,5
1787,wtf,5
1788,TIGES,5
1789,G,5
1790,touch,5
1791,heres,5
1792,suck,5
1793,smartphone,5
1794,upcoming,5
1795,Wednesdays,5
1796,reign,5
1797,unveiling,5
1798,aka,5
1799,purchase,5
1800,missing,5
1801,user,5
1802,xD,5
1803,faster,5
1804,winner,5
1805,h,5
1806,however,5
1807,RIP,5
1808,losing,5
1809,reply,5
1810,battery,5
1811,upon,5
1812,truly,5
1813,favourite,5
1814,Worlds,5
1815,understand,5
1816,verse,5
1817,Update,5
1818,Eminem,5
1819,actual,5
1820,bike,5
1821,earth,5
1822,Song,5
1823,battle,5
1824,Service,5
1825,fucked,5
1826,Center,5
1827,East,5
1828,tracks,5
1829,bae,5
1830,sweet,5
1831,VMAs,5
1832,daughter,5
1833,word,5
1834,Eric,5
1835,simple,5
1836,begins,5
1837,bush,5
1838,NH,5
1839,threat,5
1840,Act,5
1841,target,5
1842,donors,5
1843,True,5
1844,supporters,5
1845,racist,5
1846,mess,5
1847,hopeful,5
1848,gate,5
1849,jobs,5
1850,voter,5
1851,delivered,5
1852,warm,5
1853,avoid,5
1854,uses,5
1855,base,5
1856,result,5
1857,reform,5
1858,His,5
1859,challenge,5
1860,continued,5
1861,quit,5
1862,members,5
1863,invite,5
1864,Guardian,5
1865,characters,5
1866,Falcons,5
1867,Fun,5
1868,South,5
1869,Atlanta,5
1870,W,5
1871,preparing,5
1872,community,5
1873,sit,5
1874,Excellent,5
1875,Trends,5
1876,Presidential,5
1877,quiet,5
1878,India,5
1879,spoke,5
1880,Long,5
1881,scenes,5
1882,obsessed,5
1883,bored,5
1884,heat,5
1885,wave,5
1886,Pretty,5
1887,Throwback,5
1888,Weekend,5
1889,kicks,5
1890,recording,5
1891,slow,5
1892,Brian,5
1893,island,5
1894,Knight,5
1895,Call,5
1896,Mad,5
1897,thoughts,5
1898,cancelled,5
1899,bar,5
1900,premiere,5
1901,dope,5
1902,minute,5
1903,hanging,5
1904,helped,5
1905,rich,5
1906,afford,5
1907,Home,5
1908,O,5
1909,Zaza,5
1910,Italian,5
1911,Manchester,5
1912,countries,5
1913,De,5
1914,struggle,5
1915,door,5
1916,celebrates,5
1917,practice,5
1918,lovely,5
1919,climate,5
1920,Secretary,5
1921,Drop,5
1922,Bill,5
1923,shouldnt,5
1924,blue,5
1925,sending,5
1926,fear,5
1927,heading,5
1928,Dave,5
1929,FRIDAY,5
1930,seasons,5
1931,reasons,5
1932,broke,5
1933,facility,5
1934,hey,5
1935,chart,5
1936,Solo,5
1937,alright,5
1938,ya,5
1939,Blog,5
1940,kill,5
1941,shoes,5
1942,DVD,5
1943,tribute,5
1944,deserves,5
1945,enjoying,5
1946,difference,5
1947,learned,5
1948,Walk,5
1949,Hello,5
1950,somebody,5
1951,feels,5
1952,LEXUS,5
1953,meant,5
1954,code,5
1955,cars,5
1956,cell,5
1957,block,5
1958,clean,5
1959,across,5
1960,street,5
1961,Question,5
1962,showed,5
1963,selling,5
1964,performed,5
1965,Mass,5
1966,MTV,5
1967,Book,5
1968,internet,5
1969,consider,5
1970,magic,5
1971,girls,5
1972,Matt,5
1973,recommend,5
1974,k,5
1975,eating,5
1976,mood,5
1977,present,5
1978,Shes,5
1979,Boyz,5
1980,anyway,5
1981,handle,5
1982,defend,5
1983,funnier,5
1984,tbh,5
1985,consecutive,5
1986,Neymar,5
1987,Camp,5
1988,Hazard,5
1989,messi,5
1990,link,5
1991,coach,5
1992,ball,5
1993,rate,5
1994,recently,5
1995,Pedro,5
1996,argument,5
1997,rain,5
1998,insane,5
1999,Nation,5
2000,report,5
2001,Liam,5
2002,looked,5
2003,crying,5
2004,returns,5
2005,services,5
2006,Thriller,5
2007,radio,5
2008,attending,5
2009,French,5
2010,mate,5
2011,King,5
2012,Feel,5
2013,Many,5
2014,Help,5
2015,promote,5
2016,higher,5
2017,michelle,5
2018,license,5
2019,Beating,5
2020,Odds,5
2021,Yesterday,5
2022,eat,5
2023,grader,5
2024,Boy,5
2025,gold,5
2026,Christian,5
2027,learning,5
2028,minecraft,5
2029,Austin,5
2030,claim,5
2031,updating,5
2032,brick,5
2033,Neil,5
2034,Government,5
2035,GMO,5
2036,SYT,5
2037,belt,5
2038,source,5
2039,billion,5
2040,replace,5
2041,cold,5
2042,Tomorrows,5
2043,shorts,5
2044,weed,5
2045,West,5
2046,drinking,5
2047,simply,5
2048,sim,5
2049,cuts,5
2050,Microsofts,5
2051,funding,5
2052,daily,5
2053,Dems,5
2054,Court,5
2055,debating,5
2056,Capitol,5
2057,victory,5
2058,debt,5
2059,Alaska,5
2060,Give,5
2061,ratings,5
2062,Team,5
2063,Oracles,5
2064,overall,5
2065,Network,5
2066,shut,5
2067,defund,5
2068,babies,5
2069,court,5
2070,likes,5
2071,refugees,5
2072,january,5
2073,congress,5
2074,btw,5
2075,Hogan,5
2076,Dudley,5
2077,Nikki,5
2078,Hell,5
2079,perry,5
2080,Made,5
2081,freedom,5
2082,protection,5
2083,majority,5
2084,sports,5
2085,raw,5
2086,gift,5
2087,Grand,5
2088,usopen,5
2089,snoop,5
2090,sony,5
2091,SONY,5
2092,machine,5
2093,III,5
2094,ATampT,5
2095,SWIFT,5
2096,TED,5
2097,contention,5
2098,birdies,5
2099,tiger,5
2100,Lab,5
2101,snap,5
2102,Bullet,5
2103,venicebeach,5
2104,Elite,5
2105,Dangerous,5
2106,Zlatans,5
2107,network,4
2108,limited,4
2109,launches,4
2110,devs,4
2111,Developer,4
2112,audio,4
2113,appear,4
2114,towards,4
2115,MCPE,4
2116,female,4
2117,Making,4
2118,focused,4
2119,gaming,4
2120,incredible,4
2121,announcing,4
2122,arrive,4
2123,EVER,4
2124,models,4
2125,smart,4
2126,finding,4
2127,runner,4
2128,BTW,4
2129,WILL,4
2130,september,4
2131,advantage,4
2132,click,4
2133,Those,4
2134,Beginning,4
2135,closer,4
2136,stylus,4
2137,rumor,4
2138,reveals,4
2139,c,4
2140,Garden,4
2141,Store,4
2142,prices,4
2143,Keynote,4
2144,waking,4
2145,introduce,4
2146,NC,4
2147,prepare,4
2148,legacy,4
2149,vid,4
2150,crack,4
2151,ideal,4
2152,highlights,4
2153,memory,4
2154,Event,4
2155,Mac,4
2156,train,4
2157,rip,4
2158,pressure,4
2159,graders,4
2160,pros,4
2161,hosting,4
2162,Steve,4
2163,Street,4
2164,Samsung,4
2165,within,4
2166,cup,4
2167,potential,4
2168,fixed,4
2169,convince,4
2170,fit,4
2171,exist,4
2172,Definitely,4
2173,Color,4
2174,stolen,4
2175,track,4
2176,Weird,4
2177,revealed,4
2178,trend,4
2179,shuffle,4
2180,south,4
2181,recall,4
2182,fucks,4
2183,unlike,4
2184,books,4
2185,TH,4
2186,Sitting,4
2187,recovery,4
2188,charger,4
2189,Found,4
2190,listened,4
2191,ages,4
2192,stole,4
2193,plays,4
2194,Hill,4
2195,fam,4
2196,Sometimes,4
2197,Kevin,4
2198,mistake,4
2199,Blue,4
2200,Meek,4
2201,Youth,4
2202,Fall,4
2203,hop,4
2204,guide,4
2205,dear,4
2206,imagine,4
2207,bars,4
2208,Takeover,4
2209,Grab,4
2210,age,4
2211,Plan,4
2212,headlines,4
2213,ground,4
2214,rap,4
2215,Nah,4
2216,Straight,4
2217,Although,4
2218,stories,4
2219,deep,4
2220,expecting,4
2221,married,4
2222,Colberts,4
2223,BUSH,4
2224,building,4
2225,border,4
2226,political,4
2227,WH,4
2228,fundraisers,4
2229,harder,4
2230,stepped,4
2231,GOOD,4
2232,OUT,4
2233,Ben,4
2234,loss,4
2235,Kasich,4
2236,personal,4
2237,Probably,4
2238,balance,4
2239,wishes,4
2240,T,4
2241,destroy,4
2242,priorities,4
2243,Carly,4
2244,advice,4
2245,heck,4
2246,ForceFriday,4
2247,marketing,4
2248,hopes,4
2249,opponent,4
2250,prob,4
2251,board,4
2252,moron,4
2253,Ask,4
2254,soaring,4
2255,Warren,4
2256,Sanders,4
2257,Fallon,4
2258,AFLCIO,4
2259,Richard,4
2260,confirms,4
2261,reminds,4
2262,alternative,4
2263,Election,4
2264,task,4
2265,Liberal,4
2266,Pres,4
2267,scandal,4
2268,Welcome,4
2269,scheduled,4
2270,seek,4
2271,depends,4
2272,speaks,4
2273,Dem,4
2274,PARK,4
2275,stuck,4
2276,save,4
2277,stars,4
2278,Band,4
2279,Under,4
2280,Imperial,4
2281,study,4
2282,Air,4
2283,joined,4
2284,Future,4
2285,Keep,4
2286,arms,4
2287,franchise,4
2288,laugh,4
2289,David,4
2290,servers,4
2291,Movies,4
2292,Montage,4
2293,realized,4
2294,Nick,4
2295,Japan,4
2296,opinion,4
2297,Pratt,4
2298,feelings,4
2299,commercial,4
2300,outside,4
2301,Playing,4
2302,YOUR,4
2303,shown,4
2304,Pizza,4
2305,nobody,4
2306,november,4
2307,comeback,4
2308,industry,4
2309,Tuesdays,4
2310,male,4
2311,sept,4
2312,profile,4
2313,babe,4
2314,Paris,4
2315,MPs,4
2316,beating,4
2317,Real,4
2318,random,4
2319,drunk,4
2320,planning,4
2321,secret,4
2322,professor,4
2323,pleasure,4
2324,passed,4
2325,labor,4
2326,kit,4
2327,Lovely,4
2328,yearold,4
2329,bench,4
2330,agreement,4
2331,Draxler,4
2332,yep,4
2333,flying,4
2334,kickoff,4
2335,denied,4
2336,backing,4
2337,Before,4
2338,Tevez,4
2339,caused,4
2340,woes,4
2341,Inter,4
2342,International,4
2343,closing,4
2344,Goal,4
2345,hype,4
2346,expensive,4
2347,current,4
2348,Simone,4
2349,arrives,4
2350,debuts,4
2351,Tues,4
2352,Mayo,4
2353,role,4
2354,ISIS,4
2355,changing,4
2356,region,4
2357,apart,4
2358,convinced,4
2359,agenda,4
2360,Congrats,4
2361,hits,4
2362,math,4
2363,shoot,4
2364,Chinese,4
2365,concerned,4
2366,dress,4
2367,appeal,4
2368,laughing,4
2369,Break,4
2370,leg,4
2371,Roll,4
2372,BEST,4
2373,mins,4
2374,Fed,4
2375,felt,4
2376,Calling,4
2377,pizza,4
2378,kurt,4
2379,Justice,4
2380,Jon,4
2381,main,4
2382,sir,4
2383,Courtney,4
2384,exact,4
2385,tshirt,4
2386,dig,4
2387,Somebody,4
2388,Given,4
2389,burn,4
2390,glad,4
2391,Sweet,4
2392,trailer,4
2393,walked,4
2394,Jesus,4
2395,chose,4
2396,Ima,4
2397,Greensboro,4
2398,Photo,4
2399,pushed,4
2400,FYI,4
2401,orders,4
2402,todays,4
2403,DAY,4
2404,chances,4
2405,kicked,4
2406,School,4
2407,fully,4
2408,Ok,4
2409,design,4
2410,launched,4
2411,promo,4
2412,upper,4
2413,flagship,4
2414,NX,4
2415,related,4
2416,basically,4
2417,fly,4
2418,Goodnight,4
2419,shots,4
2420,works,4
2421,van,4
2422,hello,4
2423,laughed,4
2424,material,4
2425,Brilliant,4
2426,pretend,4
2427,disagree,4
2428,amend,4
2429,Awards,4
2430,Secret,4
2431,Nope,4
2432,Seems,4
2433,Little,4
2434,queen,4
2435,basic,4
2436,poor,4
2437,omg,4
2438,hated,4
2439,Play,4
2440,hilarious,4
2441,Ladies,4
2442,holding,4
2443,Listen,4
2444,lyrics,4
2445,windows,4
2446,Full,4
2447,scared,4
2448,Hold,4
2449,scary,4
2450,dOr,4
2451,quality,4
2452,Cup,4
2453,planet,4
2454,scores,4
2455,Dallas,4
2456,theyve,4
2457,dangerous,4
2458,national,4
2459,stadium,4
2460,lil,4
2461,Jets,4
2462,jump,4
2463,ignore,4
2464,NJ,4
2465,tix,4
2466,REALLY,4
2467,Anybody,4
2468,Beat,4
2469,lit,4
2470,lifetime,4
2471,JUST,4
2472,STOP,4
2473,Halloween,4
2474,aged,4
2475,Madison,4
2476,address,4
2477,Summit,4
2478,bound,4
2479,streets,4
2480,Exactly,4
2481,gain,4
2482,OBAMA,4
2483,soccer,4
2484,destroying,4
2485,sucks,4
2486,promised,4
2487,happiness,4
2488,Guy,4
2489,woo,4
2490,Media,4
2491,worlds,4
2492,Senate,4
2493,research,4
2494,lies,4
2495,citizens,4
2496,Roundup,4
2497,lately,4
2498,controversy,4
2499,Hulu,4
2500,Hahaha,4
2501,suggest,4
2502,prime,4
2503,settled,4
2504,classes,4
2505,light,4
2506,obviously,4
2507,Since,4
2508,slides,4
2509,Adidas,4
2510,Phil,4
2511,Jordan,4
2512,stops,4
2513,self,4
2514,Available,4
2515,nike,4
2516,small,4
2517,local,4
2518,Put,4
2519,Robert,4
2520,bundle,4
2521,exclusives,4
2522,titles,4
2523,sets,4
2524,SNES,4
2525,punch,4
2526,Know,4
2527,supported,4
2528,Win,4
2529,receive,4
2530,Church,4
2531,boyfriend,4
2532,LTE,4
2533,bright,4
2534,Cameron,4
2535,par,4
2536,policies,4
2537,hiring,4
2538,cards,4
2539,improve,4
2540,ETNZ,4
2541,longest,4
2542,CEO,4
2543,federal,4
2544,determined,4
2545,writing,4
2546,awkward,4
2547,relevant,4
2548,noon,4
2549,Fridays,4
2550,Marriage,4
2551,quote,4
2552,Starts,4
2553,Vancouvers,4
2554,affected,4
2555,Due,4
2556,added,4
2557,Gay,4
2558,deserve,4
2559,PPV,4
2560,Summerslam,4
2561,Stewart,4
2562,defeats,4
2563,Christie,4
2564,protects,4
2565,wise,4
2566,rule,4
2567,land,4
2568,religious,4
2569,However,4
2570,rulings,4
2571,hating,4
2572,sex,4
2573,unconstitutional,4
2574,interpreted,4
2575,Kramer,4
2576,character,4
2577,Central,4
2578,Slam,4
2579,especially,4
2580,collection,4
2581,buddy,4
2582,Thoughts,4
2583,birthdays,4
2584,Wine,4
2585,Playstation,4
2586,pulling,4
2587,Disney,4
2588,toys,4
2589,rebels,4
2590,Kane,4
2591,BREAKING,4
2592,WCW,4
2593,forever,4
2594,Bubba,4
2595,contract,4
2596,unlocked,4
2597,switch,4
2598,pumped,4
2599,mission,4
2600,preview,4
2601,finishes,4
2602,shame,4
2603,Leader,4
2604,leadership,4
2605,austerity,4
2606,Vote,4
2607,SNP,4
2608,GE,4
2609,Tsiprass,4
2610,ND,4
2611,Prime,4
2612,Minister,4
2613,Alexis,4
2614,Hollande,4
2615,parliament,4
2616,Deadpool,4
2617,girlfriend,4
2618,Castle,4
2619,Cavani,4
2620,fiddle,4
